Address,Building,Organization
萧山区,明怡花苑,浙江旅游职业学院
杭州市,心意广场,浙江建设职业技术学院
浙江省,佳丰北苑,浙江同济科技职业学院
宁围镇,宁安社区,浙江师范大学萧山校区
北干街道,湘湖家园,戈雅公寓夏风园
益农镇,佳境天城人合苑,保利霞飞郡
进化镇,育才东苑,请保管好寄出的快递底单哦
建设一路,钱江农场,萧钢构新厂
建设二路,单身公寓,杰司特健身会所
浦阳镇,恒隆广场,威尼斯水城
市心中路,潘水小区,中粮云涛名苑
河上镇,荣星南苑,恒逸南岸明珠
戴村镇,宁东北苑,潮锦文化创意产业园
党山镇,绿都百瑞广场,荣昌磁业有限公司
风情大道,城中社区,杭州萧山国际机场员工宿舍
鸿达路,汇宇花园,社区卫生服务中心
人民路,泰富广场,凯淳科技
萧山高教园区,广泽小区,杭州萧山国际机场贵宾岗亭
通惠北路,相墅花园,加州阳光三楼猪队长
金一路,恒安名座,恒泰御庭园
天汇园,丽华公寓,华顺图文
萧棉路,曹家桥社区,地平线房产
新围村,西河公寓,天林尚高酒店
东城街道,花城名苑,文伟村欣发交通设施有限公司
利华路,宁牧公寓,越海报关行
道三丰路,山北新苑,沙县小吃
公交车,,沃德姆汽车服务中心
林科技创业园,,申通快递原华莺纺织
春晖路,,众安村村委易德购超市旁右边门卫处
新屋门牌号,,十三房村吉达来鞋厂
红枫路,,（电话联系）
新感觉,,伊锦苑美容美发
